-- phpMyAdmin SQL Dump
-- version 5.2.1
-- https://www.phpmyadmin.net/
--
-- Máy chủ: localhost
-- Thời gian đã tạo: Th3 06, 2026 lúc 10:10 AM
-- Phiên bản máy phục vụ: 10.4.28-MariaDB
-- Phiên bản PHP: 8.2.4

SET SQL_MODE = "NO_AUTO_VALUE_ON_ZERO";
START TRANSACTION;
SET time_zone = "+00:00";


/*!40101 SET @OLD_CHARACTER_SET_CLIENT=@@CHARACTER_SET_CLIENT */;
/*!40101 SET @OLD_CHARACTER_SET_RESULTS=@@CHARACTER_SET_RESULTS */;
/*!40101 SET @OLD_COLLATION_CONNECTION=@@COLLATION_CONNECTION */;
/*!40101 SET NAMES utf8mb4 */;

--
-- Cơ sở dữ liệu: `mlm`
--

-- --------------------------------------------------------

--
-- Cấu trúc bảng cho bảng `cache`
--

CREATE TABLE `cache` (
  `key` varchar(255) NOT NULL,
  `value` mediumtext NOT NULL,
  `expiration` int(11) NOT NULL
) ENGINE=InnoDB DEFAULT CHARSET=utf8mb4 COLLATE=utf8mb4_unicode_ci;

-- --------------------------------------------------------

--
-- Cấu trúc bảng cho bảng `cache_locks`
--

CREATE TABLE `cache_locks` (
  `key` varchar(255) NOT NULL,
  `owner` varchar(255) NOT NULL,
  `expiration` int(11) NOT NULL
) ENGINE=InnoDB DEFAULT CHARSET=utf8mb4 COLLATE=utf8mb4_unicode_ci;

-- --------------------------------------------------------

--
-- Cấu trúc bảng cho bảng `commissions`
--

CREATE TABLE `commissions` (
  `id` bigint(20) UNSIGNED NOT NULL,
  `user_id` bigint(20) UNSIGNED NOT NULL,
  `month` date NOT NULL,
  `reward` decimal(15,2) NOT NULL DEFAULT 0.00,
  `created_at` timestamp NULL DEFAULT NULL,
  `updated_at` timestamp NULL DEFAULT NULL
) ENGINE=InnoDB DEFAULT CHARSET=utf8mb4 COLLATE=utf8mb4_unicode_ci;

-- --------------------------------------------------------

--
-- Cấu trúc bảng cho bảng `failed_jobs`
--

CREATE TABLE `failed_jobs` (
  `id` bigint(20) UNSIGNED NOT NULL,
  `uuid` varchar(255) NOT NULL,
  `connection` text NOT NULL,
  `queue` text NOT NULL,
  `payload` longtext NOT NULL,
  `exception` longtext NOT NULL,
  `failed_at` timestamp NOT NULL DEFAULT current_timestamp()
) ENGINE=InnoDB DEFAULT CHARSET=utf8mb4 COLLATE=utf8mb4_unicode_ci;

-- --------------------------------------------------------

--
-- Cấu trúc bảng cho bảng `jobs`
--

CREATE TABLE `jobs` (
  `id` bigint(20) UNSIGNED NOT NULL,
  `queue` varchar(255) NOT NULL,
  `payload` longtext NOT NULL,
  `attempts` tinyint(3) UNSIGNED NOT NULL,
  `reserved_at` int(10) UNSIGNED DEFAULT NULL,
  `available_at` int(10) UNSIGNED NOT NULL,
  `created_at` int(10) UNSIGNED NOT NULL
) ENGINE=InnoDB DEFAULT CHARSET=utf8mb4 COLLATE=utf8mb4_unicode_ci;

-- --------------------------------------------------------

--
-- Cấu trúc bảng cho bảng `job_batches`
--

CREATE TABLE `job_batches` (
  `id` varchar(255) NOT NULL,
  `name` varchar(255) NOT NULL,
  `total_jobs` int(11) NOT NULL,
  `pending_jobs` int(11) NOT NULL,
  `failed_jobs` int(11) NOT NULL,
  `failed_job_ids` longtext NOT NULL,
  `options` mediumtext DEFAULT NULL,
  `cancelled_at` int(11) DEFAULT NULL,
  `created_at` int(11) NOT NULL,
  `finished_at` int(11) DEFAULT NULL
) ENGINE=InnoDB DEFAULT CHARSET=utf8mb4 COLLATE=utf8mb4_unicode_ci;

-- --------------------------------------------------------

--
-- Cấu trúc bảng cho bảng `migrations`
--

CREATE TABLE `migrations` (
  `id` int(10) UNSIGNED NOT NULL,
  `migration` varchar(255) NOT NULL,
  `batch` int(11) NOT NULL
) ENGINE=InnoDB DEFAULT CHARSET=utf8mb4 COLLATE=utf8mb4_unicode_ci;

--
-- Đang đổ dữ liệu cho bảng `migrations`
--

INSERT INTO `migrations` (`id`, `migration`, `batch`) VALUES
(1, '0001_01_01_000000_create_users_table', 1),
(2, '0001_01_01_000001_create_cache_table', 1),
(3, '0001_01_01_000002_create_jobs_table', 1),
(4, '2026_03_06_080810_create_orders_table', 1),
(5, '2026_03_06_080849_create_commissions_table', 1);

-- --------------------------------------------------------

--
-- Cấu trúc bảng cho bảng `orders`
--

CREATE TABLE `orders` (
  `id` bigint(20) UNSIGNED NOT NULL,
  `user_id` bigint(20) UNSIGNED NOT NULL,
  `amount` decimal(15,2) NOT NULL,
  `created_at` timestamp NULL DEFAULT NULL,
  `updated_at` timestamp NULL DEFAULT NULL
) ENGINE=InnoDB DEFAULT CHARSET=utf8mb4 COLLATE=utf8mb4_unicode_ci;

--
-- Đang đổ dữ liệu cho bảng `orders`
--

INSERT INTO `orders` (`id`, `user_id`, `amount`, `created_at`, `updated_at`) VALUES
(1, 1, 69086387.00, '2026-03-09 17:00:00', '2026-03-06 01:45:46'),
(2, 1, 18855632.00, '2026-03-01 17:00:00', '2026-03-06 01:45:46'),
(3, 1, 47996340.00, '2026-03-22 17:00:00', '2026-03-06 01:45:46'),
(4, 1, 75549748.00, '2026-03-20 17:00:00', '2026-03-06 01:45:46'),
(5, 1, 70275446.00, '2026-03-06 17:00:00', '2026-03-06 01:45:46'),
(6, 1, 6651904.00, '2026-03-24 17:00:00', '2026-03-06 01:45:46'),
(7, 2, 49898055.00, '2026-03-11 17:00:00', '2026-03-06 01:45:46'),
(8, 2, 69503023.00, '2026-03-15 17:00:00', '2026-03-06 01:45:46'),
(9, 2, 34084774.00, '2026-03-09 17:00:00', '2026-03-06 01:45:46'),
(10, 2, 79068334.00, '2026-03-19 17:00:00', '2026-03-06 01:45:46'),
(11, 2, 59039617.00, '2026-02-28 17:00:00', '2026-03-06 01:45:46'),
(12, 2, 26213144.00, '2026-03-10 17:00:00', '2026-03-06 01:45:46'),
(13, 3, 66485832.00, '2026-03-20 17:00:00', '2026-03-06 01:45:46'),
(14, 3, 13749595.00, '2026-03-14 17:00:00', '2026-03-06 01:45:46'),
(15, 3, 72945871.00, '2026-03-05 17:00:00', '2026-03-06 01:45:46'),
(16, 3, 12515271.00, '2026-03-14 17:00:00', '2026-03-06 01:45:46'),
(17, 3, 47499530.00, '2026-03-05 17:00:00', '2026-03-06 01:45:46'),
(18, 3, 13721804.00, '2026-03-05 17:00:00', '2026-03-06 01:45:46'),
(19, 4, 35632420.00, '2026-03-01 17:00:00', '2026-03-06 01:45:46'),
(20, 4, 25642853.00, '2026-03-07 17:00:00', '2026-03-06 01:45:46'),
(21, 4, 37644843.00, '2026-03-06 17:00:00', '2026-03-06 01:45:46'),
(22, 4, 11257572.00, '2026-03-06 17:00:00', '2026-03-06 01:45:46'),
(23, 4, 67180659.00, '2026-03-23 17:00:00', '2026-03-06 01:45:46'),
(24, 4, 78218474.00, '2026-03-21 17:00:00', '2026-03-06 01:45:46'),
(25, 4, 46992302.00, '2026-03-09 17:00:00', '2026-03-06 01:45:46'),
(26, 5, 74111081.00, '2026-03-07 17:00:00', '2026-03-06 01:45:46'),
(27, 5, 31338669.00, '2026-03-02 17:00:00', '2026-03-06 01:45:46'),
(28, 5, 27798915.00, '2026-03-21 17:00:00', '2026-03-06 01:45:46'),
(29, 5, 55393989.00, '2026-03-18 17:00:00', '2026-03-06 01:45:46'),
(30, 6, 30248689.00, '2026-02-28 17:00:00', '2026-03-06 01:45:46'),
(31, 6, 32138822.00, '2026-03-12 17:00:00', '2026-03-06 01:45:46'),
(32, 6, 43796182.00, '2026-03-19 17:00:00', '2026-03-06 01:45:46'),
(33, 7, 1261123.00, '2026-03-14 17:00:00', '2026-03-06 01:45:46'),
(34, 7, 30837431.00, '2026-03-18 17:00:00', '2026-03-06 01:45:46'),
(35, 7, 15258330.00, '2026-03-17 17:00:00', '2026-03-06 01:45:46'),
(36, 7, 25617979.00, '2026-03-11 17:00:00', '2026-03-06 01:45:46'),
(37, 7, 77819421.00, '2026-03-13 17:00:00', '2026-03-06 01:45:46'),
(38, 7, 29782096.00, '2026-03-18 17:00:00', '2026-03-06 01:45:46'),
(39, 7, 60406774.00, '2026-03-23 17:00:00', '2026-03-06 01:45:46'),
(40, 7, 23593356.00, '2026-03-12 17:00:00', '2026-03-06 01:45:46'),
(41, 8, 43470672.00, '2026-03-24 17:00:00', '2026-03-06 01:45:46'),
(42, 8, 38525785.00, '2026-03-13 17:00:00', '2026-03-06 01:45:46'),
(43, 8, 24717978.00, '2026-03-16 17:00:00', '2026-03-06 01:45:46'),
(44, 8, 74659777.00, '2026-03-20 17:00:00', '2026-03-06 01:45:46'),
(45, 8, 72037773.00, '2026-03-17 17:00:00', '2026-03-06 01:45:46'),
(46, 9, 33903670.00, '2026-03-12 17:00:00', '2026-03-06 01:45:46'),
(47, 9, 36823282.00, '2026-03-13 17:00:00', '2026-03-06 01:45:46'),
(48, 9, 29022329.00, '2026-03-05 17:00:00', '2026-03-06 01:45:46'),
(49, 9, 63192847.00, '2026-03-17 17:00:00', '2026-03-06 01:45:46'),
(50, 9, 50722539.00, '2026-03-23 17:00:00', '2026-03-06 01:45:46'),
(51, 9, 65770688.00, '2026-03-09 17:00:00', '2026-03-06 01:45:46'),
(52, 10, 19769146.00, '2026-02-28 17:00:00', '2026-03-06 01:45:46'),
(53, 10, 71339902.00, '2026-03-16 17:00:00', '2026-03-06 01:45:46'),
(54, 10, 72662439.00, '2026-03-10 17:00:00', '2026-03-06 01:45:46'),
(55, 10, 63955131.00, '2026-03-21 17:00:00', '2026-03-06 01:45:46'),
(56, 1, 57305618.00, '2026-02-07 17:00:00', '2026-03-06 01:45:46'),
(57, 1, 61389421.00, '2026-02-15 17:00:00', '2026-03-06 01:45:46'),
(58, 1, 19273097.00, '2026-02-13 17:00:00', '2026-03-06 01:45:46'),
(59, 1, 75301992.00, '2026-02-14 17:00:00', '2026-03-06 01:45:46'),
(60, 1, 44126513.00, '2026-02-24 17:00:00', '2026-03-06 01:45:46'),
(61, 1, 48436127.00, '2026-02-16 17:00:00', '2026-03-06 01:45:46'),
(62, 1, 3045922.00, '2026-02-22 17:00:00', '2026-03-06 01:45:46'),
(63, 1, 22781565.00, '2026-02-17 17:00:00', '2026-03-06 01:45:46'),
(64, 2, 74602367.00, '2026-02-24 17:00:00', '2026-03-06 01:45:46'),
(65, 2, 16667228.00, '2026-02-18 17:00:00', '2026-03-06 01:45:46'),
(66, 2, 32521008.00, '2026-02-21 17:00:00', '2026-03-06 01:45:46'),
(67, 2, 78752131.00, '2026-02-09 17:00:00', '2026-03-06 01:45:46'),
(68, 2, 6658280.00, '2026-02-24 17:00:00', '2026-03-06 01:45:46'),
(69, 2, 72746048.00, '2026-02-07 17:00:00', '2026-03-06 01:45:46'),
(70, 2, 25661976.00, '2026-02-04 17:00:00', '2026-03-06 01:45:46'),
(71, 2, 15223352.00, '2026-02-23 17:00:00', '2026-03-06 01:45:46'),
(72, 3, 61202618.00, '2026-02-17 17:00:00', '2026-03-06 01:45:46'),
(73, 3, 54364055.00, '2026-02-19 17:00:00', '2026-03-06 01:45:46'),
(74, 3, 8159076.00, '2026-02-04 17:00:00', '2026-03-06 01:45:46'),
(75, 4, 44901317.00, '2026-02-12 17:00:00', '2026-03-06 01:45:46'),
(76, 4, 25784728.00, '2026-02-24 17:00:00', '2026-03-06 01:45:46'),
(77, 4, 77950778.00, '2026-02-21 17:00:00', '2026-03-06 01:45:46'),
(78, 4, 37657827.00, '2026-02-21 17:00:00', '2026-03-06 01:45:46'),
(79, 4, 15440634.00, '2026-02-11 17:00:00', '2026-03-06 01:45:46'),
(80, 5, 63368585.00, '2026-02-20 17:00:00', '2026-03-06 01:45:46'),
(81, 5, 5947749.00, '2026-02-06 17:00:00', '2026-03-06 01:45:46'),
(82, 5, 49251730.00, '2026-02-12 17:00:00', '2026-03-06 01:45:46'),
(83, 5, 51342454.00, '2026-02-17 17:00:00', '2026-03-06 01:45:46'),
(84, 5, 36612580.00, '2026-02-02 17:00:00', '2026-03-06 01:45:46'),
(85, 6, 58659548.00, '2026-02-13 17:00:00', '2026-03-06 01:45:46'),
(86, 6, 43532335.00, '2026-02-02 17:00:00', '2026-03-06 01:45:46'),
(87, 6, 51940493.00, '2026-02-03 17:00:00', '2026-03-06 01:45:46'),
(88, 6, 42541754.00, '2026-02-20 17:00:00', '2026-03-06 01:45:46'),
(89, 7, 14844899.00, '2026-02-09 17:00:00', '2026-03-06 01:45:46'),
(90, 7, 56260219.00, '2026-02-24 17:00:00', '2026-03-06 01:45:46'),
(91, 7, 42486230.00, '2026-02-05 17:00:00', '2026-03-06 01:45:46'),
(92, 8, 48432479.00, '2026-02-21 17:00:00', '2026-03-06 01:45:46'),
(93, 8, 75816243.00, '2026-02-24 17:00:00', '2026-03-06 01:45:46'),
(94, 8, 37205513.00, '2026-02-17 17:00:00', '2026-03-06 01:45:46'),
(95, 8, 69193435.00, '2026-02-10 17:00:00', '2026-03-06 01:45:46'),
(96, 9, 27111554.00, '2026-02-12 17:00:00', '2026-03-06 01:45:46'),
(97, 9, 14719489.00, '2026-02-16 17:00:00', '2026-03-06 01:45:46'),
(98, 9, 15932437.00, '2026-01-31 17:00:00', '2026-03-06 01:45:46'),
(99, 9, 36703907.00, '2026-02-03 17:00:00', '2026-03-06 01:45:46'),
(100, 9, 41561550.00, '2026-02-24 17:00:00', '2026-03-06 01:45:46'),
(101, 9, 72453173.00, '2026-02-11 17:00:00', '2026-03-06 01:45:46'),
(102, 9, 41516208.00, '2026-02-12 17:00:00', '2026-03-06 01:45:46'),
(103, 10, 14699332.00, '2026-02-12 17:00:00', '2026-03-06 01:45:46'),
(104, 10, 16732544.00, '2026-02-24 17:00:00', '2026-03-06 01:45:46'),
(105, 10, 56575916.00, '2026-02-12 17:00:00', '2026-03-06 01:45:46'),
(106, 10, 75399301.00, '2026-02-19 17:00:00', '2026-03-06 01:45:46'),
(107, 10, 59360727.00, '2026-02-18 17:00:00', '2026-03-06 01:45:46'),
(108, 10, 37644380.00, '2026-02-06 17:00:00', '2026-03-06 01:45:46'),
(109, 10, 62339887.00, '2026-02-10 17:00:00', '2026-03-06 01:45:46'),
(110, 10, 73431830.00, '2026-02-24 17:00:00', '2026-03-06 01:45:46'),
(111, 1, 30489187.00, '2026-01-05 17:00:00', '2026-03-06 01:45:46'),
(112, 1, 6486134.00, '2026-01-10 17:00:00', '2026-03-06 01:45:46'),
(113, 1, 42239918.00, '2026-01-19 17:00:00', '2026-03-06 01:45:46'),
(114, 1, 22079635.00, '2026-01-16 17:00:00', '2026-03-06 01:45:46'),
(115, 2, 1897381.00, '2026-01-15 17:00:00', '2026-03-06 01:45:46'),
(116, 2, 21657545.00, '2026-01-10 17:00:00', '2026-03-06 01:45:46'),
(117, 2, 43418221.00, '2026-01-17 17:00:00', '2026-03-06 01:45:46'),
(118, 2, 48040472.00, '2026-01-07 17:00:00', '2026-03-06 01:45:46'),
(119, 2, 39227179.00, '2026-01-21 17:00:00', '2026-03-06 01:45:46'),
(120, 2, 45203900.00, '2026-01-03 17:00:00', '2026-03-06 01:45:46'),
(121, 2, 40895011.00, '2026-01-08 17:00:00', '2026-03-06 01:45:46'),
(122, 2, 51800508.00, '2026-01-02 17:00:00', '2026-03-06 01:45:46'),
(123, 3, 15926009.00, '2026-01-07 17:00:00', '2026-03-06 01:45:46'),
(124, 3, 29345811.00, '2026-01-17 17:00:00', '2026-03-06 01:45:46'),
(125, 3, 15805681.00, '2026-01-01 17:00:00', '2026-03-06 01:45:46'),
(126, 3, 51828045.00, '2026-01-03 17:00:00', '2026-03-06 01:45:46'),
(127, 3, 19608723.00, '2025-12-31 17:00:00', '2026-03-06 01:45:46'),
(128, 4, 6502455.00, '2026-01-12 17:00:00', '2026-03-06 01:45:46'),
(129, 4, 47129574.00, '2026-01-06 17:00:00', '2026-03-06 01:45:46'),
(130, 4, 29623122.00, '2026-01-20 17:00:00', '2026-03-06 01:45:46'),
(131, 5, 66268504.00, '2026-01-08 17:00:00', '2026-03-06 01:45:46'),
(132, 5, 7948636.00, '2026-01-16 17:00:00', '2026-03-06 01:45:46'),
(133, 5, 20092827.00, '2026-01-05 17:00:00', '2026-03-06 01:45:46'),
(134, 5, 46982532.00, '2026-01-13 17:00:00', '2026-03-06 01:45:46'),
(135, 5, 56448539.00, '2026-01-21 17:00:00', '2026-03-06 01:45:46'),
(136, 5, 5858254.00, '2026-01-08 17:00:00', '2026-03-06 01:45:46'),
(137, 5, 11828607.00, '2026-01-08 17:00:00', '2026-03-06 01:45:46'),
(138, 6, 11345636.00, '2026-01-01 17:00:00', '2026-03-06 01:45:46'),
(139, 6, 48941397.00, '2026-01-15 17:00:00', '2026-03-06 01:45:46'),
(140, 6, 50122715.00, '2025-12-31 17:00:00', '2026-03-06 01:45:46'),
(141, 6, 79250545.00, '2026-01-13 17:00:00', '2026-03-06 01:45:46'),
(142, 6, 25766442.00, '2026-01-19 17:00:00', '2026-03-06 01:45:46'),
(143, 7, 46080611.00, '2025-12-31 17:00:00', '2026-03-06 01:45:46'),
(144, 7, 9700240.00, '2026-01-21 17:00:00', '2026-03-06 01:45:46'),
(145, 7, 21011463.00, '2026-01-02 17:00:00', '2026-03-06 01:45:46'),
(146, 7, 30694663.00, '2026-01-23 17:00:00', '2026-03-06 01:45:46'),
(147, 7, 58630119.00, '2026-01-01 17:00:00', '2026-03-06 01:45:46'),
(148, 8, 22922634.00, '2026-01-05 17:00:00', '2026-03-06 01:45:46'),
(149, 8, 49435196.00, '2026-01-23 17:00:00', '2026-03-06 01:45:46'),
(150, 8, 3471663.00, '2026-01-23 17:00:00', '2026-03-06 01:45:46'),
(151, 8, 43240767.00, '2026-01-24 17:00:00', '2026-03-06 01:45:46'),
(152, 8, 19712213.00, '2026-01-19 17:00:00', '2026-03-06 01:45:46'),
(153, 8, 15429760.00, '2026-01-23 17:00:00', '2026-03-06 01:45:46'),
(154, 8, 72181575.00, '2026-01-18 17:00:00', '2026-03-06 01:45:46'),
(155, 8, 44825682.00, '2026-01-01 17:00:00', '2026-03-06 01:45:46'),
(156, 9, 74088053.00, '2026-01-16 17:00:00', '2026-03-06 01:45:46'),
(157, 9, 40217974.00, '2026-01-06 17:00:00', '2026-03-06 01:45:46'),
(158, 9, 13438132.00, '2026-01-19 17:00:00', '2026-03-06 01:45:46'),
(159, 9, 60357170.00, '2026-01-22 17:00:00', '2026-03-06 01:45:46'),
(160, 9, 3080072.00, '2026-01-05 17:00:00', '2026-03-06 01:45:46'),
(161, 9, 73435514.00, '2026-01-24 17:00:00', '2026-03-06 01:45:46'),
(162, 10, 18493863.00, '2026-01-09 17:00:00', '2026-03-06 01:45:46'),
(163, 10, 53971578.00, '2026-01-21 17:00:00', '2026-03-06 01:45:46'),
(164, 10, 44950431.00, '2026-01-10 17:00:00', '2026-03-06 01:45:46'),
(165, 1, 43301828.00, '2025-12-10 17:00:00', '2026-03-06 01:45:46'),
(166, 1, 6295283.00, '2025-12-18 17:00:00', '2026-03-06 01:45:46'),
(167, 1, 16638809.00, '2025-12-21 17:00:00', '2026-03-06 01:45:46'),
(168, 1, 54295114.00, '2025-12-08 17:00:00', '2026-03-06 01:45:46'),
(169, 2, 78404329.00, '2025-12-24 17:00:00', '2026-03-06 01:45:46'),
(170, 2, 27418993.00, '2025-12-09 17:00:00', '2026-03-06 01:45:46'),
(171, 2, 5523595.00, '2025-12-04 17:00:00', '2026-03-06 01:45:46'),
(172, 2, 956104.00, '2025-12-12 17:00:00', '2026-03-06 01:45:46'),
(173, 3, 15082613.00, '2025-12-15 17:00:00', '2026-03-06 01:45:46'),
(174, 3, 1788117.00, '2025-12-15 17:00:00', '2026-03-06 01:45:46'),
(175, 3, 2077999.00, '2025-12-12 17:00:00', '2026-03-06 01:45:46'),
(176, 3, 16224533.00, '2025-12-05 17:00:00', '2026-03-06 01:45:46'),
(177, 3, 27392137.00, '2025-12-18 17:00:00', '2026-03-06 01:45:46'),
(178, 3, 49002995.00, '2025-11-30 17:00:00', '2026-03-06 01:45:46'),
(179, 4, 23765370.00, '2025-12-02 17:00:00', '2026-03-06 01:45:46'),
(180, 4, 26070922.00, '2025-12-19 17:00:00', '2026-03-06 01:45:46'),
(181, 4, 17425514.00, '2025-12-14 17:00:00', '2026-03-06 01:45:46'),
(182, 4, 19838562.00, '2025-12-02 17:00:00', '2026-03-06 01:45:46'),
(183, 4, 37694783.00, '2025-11-30 17:00:00', '2026-03-06 01:45:46'),
(184, 5, 38198676.00, '2025-12-02 17:00:00', '2026-03-06 01:45:46'),
(185, 5, 68099164.00, '2025-12-10 17:00:00', '2026-03-06 01:45:46'),
(186, 5, 64987206.00, '2025-12-15 17:00:00', '2026-03-06 01:45:46'),
(187, 5, 33022150.00, '2025-12-05 17:00:00', '2026-03-06 01:45:46'),
(188, 5, 63229047.00, '2025-12-22 17:00:00', '2026-03-06 01:45:46'),
(189, 6, 9401645.00, '2025-12-01 17:00:00', '2026-03-06 01:45:46'),
(190, 6, 11948882.00, '2025-12-24 17:00:00', '2026-03-06 01:45:46'),
(191, 6, 55492530.00, '2025-12-24 17:00:00', '2026-03-06 01:45:46'),
(192, 6, 21620642.00, '2025-12-18 17:00:00', '2026-03-06 01:45:46'),
(193, 6, 79512260.00, '2025-12-05 17:00:00', '2026-03-06 01:45:46'),
(194, 6, 19398409.00, '2025-12-24 17:00:00', '2026-03-06 01:45:46'),
(195, 6, 73421923.00, '2025-12-16 17:00:00', '2026-03-06 01:45:46'),
(196, 7, 9504756.00, '2025-12-02 17:00:00', '2026-03-06 01:45:46'),
(197, 7, 78371503.00, '2025-12-20 17:00:00', '2026-03-06 01:45:46'),
(198, 7, 12568053.00, '2025-12-01 17:00:00', '2026-03-06 01:45:46'),
(199, 7, 7690671.00, '2025-12-24 17:00:00', '2026-03-06 01:45:46'),
(200, 7, 39244550.00, '2025-12-23 17:00:00', '2026-03-06 01:45:46'),
(201, 7, 11994842.00, '2025-12-23 17:00:00', '2026-03-06 01:45:46'),
(202, 7, 28423066.00, '2025-12-23 17:00:00', '2026-03-06 01:45:46'),
(203, 7, 47230910.00, '2025-12-12 17:00:00', '2026-03-06 01:45:46'),
(204, 8, 58402415.00, '2025-12-06 17:00:00', '2026-03-06 01:45:46'),
(205, 8, 79975200.00, '2025-12-07 17:00:00', '2026-03-06 01:45:46'),
(206, 8, 48264363.00, '2025-12-11 17:00:00', '2026-03-06 01:45:46'),
(207, 8, 36912567.00, '2025-12-16 17:00:00', '2026-03-06 01:45:46'),
(208, 8, 72638248.00, '2025-12-20 17:00:00', '2026-03-06 01:45:46'),
(209, 8, 27534052.00, '2025-12-01 17:00:00', '2026-03-06 01:45:46'),
(210, 9, 14816079.00, '2025-12-20 17:00:00', '2026-03-06 01:45:46'),
(211, 9, 43356763.00, '2025-12-05 17:00:00', '2026-03-06 01:45:46'),
(212, 9, 58319388.00, '2025-12-07 17:00:00', '2026-03-06 01:45:46'),
(213, 9, 10030733.00, '2025-12-03 17:00:00', '2026-03-06 01:45:46'),
(214, 9, 8059044.00, '2025-12-06 17:00:00', '2026-03-06 01:45:46'),
(215, 9, 16842717.00, '2025-12-13 17:00:00', '2026-03-06 01:45:46'),
(216, 10, 74074929.00, '2025-12-13 17:00:00', '2026-03-06 01:45:46'),
(217, 10, 48395707.00, '2025-12-12 17:00:00', '2026-03-06 01:45:46'),
(218, 10, 16938614.00, '2025-12-02 17:00:00', '2026-03-06 01:45:46'),
(219, 10, 71165848.00, '2025-12-21 17:00:00', '2026-03-06 01:45:46'),
(220, 10, 2342937.00, '2025-12-02 17:00:00', '2026-03-06 01:45:46'),
(221, 10, 44345609.00, '2025-11-30 17:00:00', '2026-03-06 01:45:46'),
(222, 10, 25680956.00, '2025-12-22 17:00:00', '2026-03-06 01:45:46'),
(223, 10, 1742413.00, '2025-12-03 17:00:00', '2026-03-06 01:45:46'),
(224, 1, 9344290.00, '2025-11-04 17:00:00', '2026-03-06 01:45:46'),
(225, 1, 61942794.00, '2025-11-03 17:00:00', '2026-03-06 01:45:46'),
(226, 1, 37498353.00, '2025-11-12 17:00:00', '2026-03-06 01:45:46'),
(227, 1, 16507109.00, '2025-11-10 17:00:00', '2026-03-06 01:45:46'),
(228, 1, 51333109.00, '2025-11-20 17:00:00', '2026-03-06 01:45:46'),
(229, 1, 38396465.00, '2025-11-19 17:00:00', '2026-03-06 01:45:46'),
(230, 1, 64605705.00, '2025-11-19 17:00:00', '2026-03-06 01:45:46'),
(231, 2, 58886535.00, '2025-11-23 17:00:00', '2026-03-06 01:45:46'),
(232, 2, 58801230.00, '2025-11-17 17:00:00', '2026-03-06 01:45:46'),
(233, 2, 78169560.00, '2025-11-15 17:00:00', '2026-03-06 01:45:46'),
(234, 2, 76068042.00, '2025-11-09 17:00:00', '2026-03-06 01:45:46'),
(235, 2, 4497004.00, '2025-11-14 17:00:00', '2026-03-06 01:45:46'),
(236, 3, 27769325.00, '2025-11-16 17:00:00', '2026-03-06 01:45:46'),
(237, 3, 65928090.00, '2025-11-21 17:00:00', '2026-03-06 01:45:46'),
(238, 3, 19449691.00, '2025-11-21 17:00:00', '2026-03-06 01:45:46'),
(239, 4, 6513913.00, '2025-11-07 17:00:00', '2026-03-06 01:45:46'),
(240, 4, 78133877.00, '2025-11-03 17:00:00', '2026-03-06 01:45:46'),
(241, 4, 50100567.00, '2025-11-24 17:00:00', '2026-03-06 01:45:46'),
(242, 4, 31596553.00, '2025-11-23 17:00:00', '2026-03-06 01:45:46'),
(243, 4, 59845807.00, '2025-11-09 17:00:00', '2026-03-06 01:45:46'),
(244, 5, 67989998.00, '2025-11-04 17:00:00', '2026-03-06 01:45:46'),
(245, 5, 9332199.00, '2025-10-31 17:00:00', '2026-03-06 01:45:46'),
(246, 5, 40857615.00, '2025-11-17 17:00:00', '2026-03-06 01:45:46'),
(247, 5, 17563923.00, '2025-11-20 17:00:00', '2026-03-06 01:45:46'),
(248, 5, 50433856.00, '2025-11-16 17:00:00', '2026-03-06 01:45:46'),
(249, 5, 43785665.00, '2025-11-07 17:00:00', '2026-03-06 01:45:46'),
(250, 5, 7858383.00, '2025-11-17 17:00:00', '2026-03-06 01:45:46'),
(251, 6, 22631982.00, '2025-11-21 17:00:00', '2026-03-06 01:45:46'),
(252, 6, 38104616.00, '2025-11-09 17:00:00', '2026-03-06 01:45:46'),
(253, 6, 8269883.00, '2025-11-23 17:00:00', '2026-03-06 01:45:46'),
(254, 7, 32081387.00, '2025-11-06 17:00:00', '2026-03-06 01:45:46'),
(255, 7, 56229532.00, '2025-11-19 17:00:00', '2026-03-06 01:45:46'),
(256, 7, 42120243.00, '2025-11-07 17:00:00', '2026-03-06 01:45:46'),
(257, 7, 6989223.00, '2025-11-12 17:00:00', '2026-03-06 01:45:46'),
(258, 7, 60351158.00, '2025-11-20 17:00:00', '2026-03-06 01:45:46'),
(259, 7, 8002657.00, '2025-11-13 17:00:00', '2026-03-06 01:45:46'),
(260, 8, 78885656.00, '2025-11-24 17:00:00', '2026-03-06 01:45:46'),
(261, 8, 70903999.00, '2025-11-02 17:00:00', '2026-03-06 01:45:46'),
(262, 8, 2235130.00, '2025-11-06 17:00:00', '2026-03-06 01:45:46'),
(263, 8, 19291532.00, '2025-11-17 17:00:00', '2026-03-06 01:45:46'),
(264, 8, 46775456.00, '2025-11-22 17:00:00', '2026-03-06 01:45:46'),
(265, 8, 57600427.00, '2025-11-08 17:00:00', '2026-03-06 01:45:46'),
(266, 8, 63823697.00, '2025-11-18 17:00:00', '2026-03-06 01:45:46'),
(267, 9, 61145710.00, '2025-11-18 17:00:00', '2026-03-06 01:45:46'),
(268, 9, 73917755.00, '2025-11-19 17:00:00', '2026-03-06 01:45:46'),
(269, 9, 76136689.00, '2025-11-23 17:00:00', '2026-03-06 01:45:46'),
(270, 9, 24075849.00, '2025-11-10 17:00:00', '2026-03-06 01:45:46'),
(271, 9, 18400432.00, '2025-11-15 17:00:00', '2026-03-06 01:45:46'),
(272, 9, 52478591.00, '2025-11-17 17:00:00', '2026-03-06 01:45:46'),
(273, 9, 43062726.00, '2025-11-15 17:00:00', '2026-03-06 01:45:46'),
(274, 9, 49149509.00, '2025-11-07 17:00:00', '2026-03-06 01:45:46'),
(275, 10, 5332253.00, '2025-11-13 17:00:00', '2026-03-06 01:45:46'),
(276, 10, 65721657.00, '2025-11-20 17:00:00', '2026-03-06 01:45:46'),
(277, 10, 37647462.00, '2025-11-13 17:00:00', '2026-03-06 01:45:46'),
(278, 10, 73449513.00, '2025-11-08 17:00:00', '2026-03-06 01:45:46'),
(279, 10, 28507601.00, '2025-11-17 17:00:00', '2026-03-06 01:45:46'),
(280, 10, 62869979.00, '2025-11-11 17:00:00', '2026-03-06 01:45:46'),
(281, 10, 25079136.00, '2025-11-17 17:00:00', '2026-03-06 01:45:46'),
(282, 10, 60681827.00, '2025-11-13 17:00:00', '2026-03-06 01:45:46'),
(283, 1, 76671766.00, '2025-10-01 17:00:00', '2026-03-06 01:45:46'),
(284, 1, 76757772.00, '2025-10-03 17:00:00', '2026-03-06 01:45:46'),
(285, 1, 11644883.00, '2025-10-13 17:00:00', '2026-03-06 01:45:46'),
(286, 1, 33351110.00, '2025-10-03 17:00:00', '2026-03-06 01:45:46'),
(287, 2, 2195793.00, '2025-10-16 17:00:00', '2026-03-06 01:45:46'),
(288, 2, 75910086.00, '2025-10-22 17:00:00', '2026-03-06 01:45:46'),
(289, 2, 45968411.00, '2025-10-15 17:00:00', '2026-03-06 01:45:46'),
(290, 2, 60622712.00, '2025-10-01 17:00:00', '2026-03-06 01:45:46'),
(291, 2, 42618228.00, '2025-10-06 17:00:00', '2026-03-06 01:45:46'),
(292, 2, 17108858.00, '2025-09-30 17:00:00', '2026-03-06 01:45:46'),
(293, 2, 73997718.00, '2025-10-10 17:00:00', '2026-03-06 01:45:46'),
(294, 3, 45748315.00, '2025-10-19 17:00:00', '2026-03-06 01:45:46'),
(295, 3, 72493943.00, '2025-10-18 17:00:00', '2026-03-06 01:45:46'),
(296, 3, 28969354.00, '2025-10-12 17:00:00', '2026-03-06 01:45:46'),
(297, 3, 60758176.00, '2025-10-07 17:00:00', '2026-03-06 01:45:46'),
(298, 3, 41178262.00, '2025-10-22 17:00:00', '2026-03-06 01:45:46'),
(299, 3, 79867734.00, '2025-10-08 17:00:00', '2026-03-06 01:45:46'),
(300, 4, 3692142.00, '2025-10-18 17:00:00', '2026-03-06 01:45:46'),
(301, 4, 19829253.00, '2025-10-12 17:00:00', '2026-03-06 01:45:46'),
(302, 4, 73177837.00, '2025-10-20 17:00:00', '2026-03-06 01:45:46'),
(303, 4, 1240066.00, '2025-10-01 17:00:00', '2026-03-06 01:45:46'),
(304, 4, 45021947.00, '2025-10-14 17:00:00', '2026-03-06 01:45:46'),
(305, 4, 9810817.00, '2025-10-09 17:00:00', '2026-03-06 01:45:46'),
(306, 4, 64611120.00, '2025-10-10 17:00:00', '2026-03-06 01:45:46'),
(307, 4, 68579416.00, '2025-10-23 17:00:00', '2026-03-06 01:45:46'),
(308, 5, 38955866.00, '2025-10-12 17:00:00', '2026-03-06 01:45:46'),
(309, 5, 11838073.00, '2025-10-24 17:00:00', '2026-03-06 01:45:46'),
(310, 5, 24690678.00, '2025-10-23 17:00:00', '2026-03-06 01:45:46'),
(311, 5, 4525817.00, '2025-10-09 17:00:00', '2026-03-06 01:45:46'),
(312, 6, 79311623.00, '2025-10-03 17:00:00', '2026-03-06 01:45:46'),
(313, 6, 63866296.00, '2025-10-09 17:00:00', '2026-03-06 01:45:46'),
(314, 6, 38267958.00, '2025-10-11 17:00:00', '2026-03-06 01:45:46'),
(315, 6, 52734543.00, '2025-10-02 17:00:00', '2026-03-06 01:45:46'),
(316, 6, 37731777.00, '2025-10-10 17:00:00', '2026-03-06 01:45:46'),
(317, 6, 8858617.00, '2025-10-08 17:00:00', '2026-03-06 01:45:46'),
(318, 7, 31751907.00, '2025-10-10 17:00:00', '2026-03-06 01:45:46'),
(319, 7, 74949602.00, '2025-10-03 17:00:00', '2026-03-06 01:45:46'),
(320, 7, 60320397.00, '2025-10-06 17:00:00', '2026-03-06 01:45:46'),
(321, 7, 48554995.00, '2025-09-30 17:00:00', '2026-03-06 01:45:46'),
(322, 7, 47476624.00, '2025-10-24 17:00:00', '2026-03-06 01:45:46'),
(323, 8, 6102383.00, '2025-10-23 17:00:00', '2026-03-06 01:45:46'),
(324, 8, 36892759.00, '2025-10-03 17:00:00', '2026-03-06 01:45:46'),
(325, 8, 29150427.00, '2025-10-03 17:00:00', '2026-03-06 01:45:46'),
(326, 8, 48844027.00, '2025-10-07 17:00:00', '2026-03-06 01:45:46'),
(327, 8, 70334870.00, '2025-10-06 17:00:00', '2026-03-06 01:45:46'),
(328, 8, 61111869.00, '2025-10-10 17:00:00', '2026-03-06 01:45:46'),
(329, 8, 49571371.00, '2025-10-07 17:00:00', '2026-03-06 01:45:46'),
(330, 9, 55350016.00, '2025-10-22 17:00:00', '2026-03-06 01:45:46'),
(331, 9, 27982227.00, '2025-10-17 17:00:00', '2026-03-06 01:45:46'),
(332, 9, 24657848.00, '2025-10-17 17:00:00', '2026-03-06 01:45:46'),
(333, 9, 13347054.00, '2025-10-11 17:00:00', '2026-03-06 01:45:46'),
(334, 9, 51950198.00, '2025-10-24 17:00:00', '2026-03-06 01:45:46'),
(335, 10, 57738234.00, '2025-10-20 17:00:00', '2026-03-06 01:45:46'),
(336, 10, 70487274.00, '2025-10-10 17:00:00', '2026-03-06 01:45:46'),
(337, 10, 23000817.00, '2025-10-24 17:00:00', '2026-03-06 01:45:46'),
(338, 10, 56716136.00, '2025-10-23 17:00:00', '2026-03-06 01:45:46'),
(339, 10, 23299054.00, '2025-10-04 17:00:00', '2026-03-06 01:45:46'),
(340, 10, 65310045.00, '2025-10-03 17:00:00', '2026-03-06 01:45:46'),
(341, 1, 18293140.00, '2025-09-14 17:00:00', '2026-03-06 01:45:46'),
(342, 1, 24469764.00, '2025-09-19 17:00:00', '2026-03-06 01:45:46'),
(343, 1, 65323725.00, '2025-09-03 17:00:00', '2026-03-06 01:45:46'),
(344, 1, 75544176.00, '2025-09-18 17:00:00', '2026-03-06 01:45:46'),
(345, 1, 45885921.00, '2025-08-31 17:00:00', '2026-03-06 01:45:46'),
(346, 1, 7312399.00, '2025-09-21 17:00:00', '2026-03-06 01:45:46'),
(347, 2, 21916536.00, '2025-09-22 17:00:00', '2026-03-06 01:45:46'),
(348, 2, 77243559.00, '2025-09-22 17:00:00', '2026-03-06 01:45:46'),
(349, 2, 5997835.00, '2025-09-17 17:00:00', '2026-03-06 01:45:46'),
(350, 3, 51467203.00, '2025-09-23 17:00:00', '2026-03-06 01:45:46'),
(351, 3, 50209920.00, '2025-09-09 17:00:00', '2026-03-06 01:45:46'),
(352, 3, 23986700.00, '2025-09-08 17:00:00', '2026-03-06 01:45:46'),
(353, 3, 11404471.00, '2025-09-01 17:00:00', '2026-03-06 01:45:46'),
(354, 3, 68841129.00, '2025-09-16 17:00:00', '2026-03-06 01:45:46'),
(355, 3, 75445716.00, '2025-09-18 17:00:00', '2026-03-06 01:45:46'),
(356, 3, 24869730.00, '2025-09-08 17:00:00', '2026-03-06 01:45:46'),
(357, 3, 20179226.00, '2025-09-03 17:00:00', '2026-03-06 01:45:46'),
(358, 4, 7428353.00, '2025-09-14 17:00:00', '2026-03-06 01:45:46'),
(359, 4, 24193635.00, '2025-09-03 17:00:00', '2026-03-06 01:45:46'),
(360, 4, 12025881.00, '2025-09-03 17:00:00', '2026-03-06 01:45:46'),
(361, 4, 55058261.00, '2025-09-06 17:00:00', '2026-03-06 01:45:46'),
(362, 4, 15727500.00, '2025-09-01 17:00:00', '2026-03-06 01:45:46'),
(363, 4, 49222550.00, '2025-09-20 17:00:00', '2026-03-06 01:45:46'),
(364, 5, 41992197.00, '2025-09-18 17:00:00', '2026-03-06 01:45:46'),
(365, 5, 13611001.00, '2025-09-07 17:00:00', '2026-03-06 01:45:46'),
(366, 5, 42913260.00, '2025-09-11 17:00:00', '2026-03-06 01:45:46'),
(367, 5, 61780620.00, '2025-09-24 17:00:00', '2026-03-06 01:45:46'),
(368, 6, 10858578.00, '2025-09-05 17:00:00', '2026-03-06 01:45:46'),
(369, 6, 77975307.00, '2025-09-24 17:00:00', '2026-03-06 01:45:46'),
(370, 6, 49587071.00, '2025-09-14 17:00:00', '2026-03-06 01:45:46'),
(371, 6, 43224304.00, '2025-09-02 17:00:00', '2026-03-06 01:45:46'),
(372, 6, 1660899.00, '2025-09-07 17:00:00', '2026-03-06 01:45:46'),
(373, 6, 53399599.00, '2025-09-23 17:00:00', '2026-03-06 01:45:46'),
(374, 6, 69439533.00, '2025-09-04 17:00:00', '2026-03-06 01:45:46'),
(375, 6, 34451020.00, '2025-09-19 17:00:00', '2026-03-06 01:45:46'),
(376, 7, 60261954.00, '2025-09-11 17:00:00', '2026-03-06 01:45:46'),
(377, 7, 72537904.00, '2025-09-24 17:00:00', '2026-03-06 01:45:46'),
(378, 7, 19023415.00, '2025-09-14 17:00:00', '2026-03-06 01:45:46'),
(379, 7, 77666522.00, '2025-09-15 17:00:00', '2026-03-06 01:45:46'),
(380, 7, 1166164.00, '2025-09-20 17:00:00', '2026-03-06 01:45:46'),
(381, 8, 26331213.00, '2025-09-13 17:00:00', '2026-03-06 01:45:46'),
(382, 8, 31991882.00, '2025-09-09 17:00:00', '2026-03-06 01:45:46'),
(383, 8, 36913871.00, '2025-09-04 17:00:00', '2026-03-06 01:45:46'),
(384, 9, 56263527.00, '2025-09-04 17:00:00', '2026-03-06 01:45:46'),
(385, 9, 32111266.00, '2025-09-22 17:00:00', '2026-03-06 01:45:46'),
(386, 9, 46676337.00, '2025-09-16 17:00:00', '2026-03-06 01:45:46'),
(387, 9, 8872619.00, '2025-08-31 17:00:00', '2026-03-06 01:45:46'),
(388, 9, 32508950.00, '2025-09-20 17:00:00', '2026-03-06 01:45:46'),
(389, 9, 78962562.00, '2025-09-17 17:00:00', '2026-03-06 01:45:46'),
(390, 9, 68651254.00, '2025-08-31 17:00:00', '2026-03-06 01:45:46'),
(391, 9, 56695666.00, '2025-09-04 17:00:00', '2026-03-06 01:45:46'),
(392, 10, 58579508.00, '2025-09-07 17:00:00', '2026-03-06 01:45:46'),
(393, 10, 74020776.00, '2025-09-03 17:00:00', '2026-03-06 01:45:46'),
(394, 10, 74443593.00, '2025-09-03 17:00:00', '2026-03-06 01:45:46'),
(395, 10, 54387611.00, '2025-09-19 17:00:00', '2026-03-06 01:45:46'),
(396, 10, 64519897.00, '2025-09-21 17:00:00', '2026-03-06 01:45:46'),
(397, 10, 45277557.00, '2025-09-14 17:00:00', '2026-03-06 01:45:46'),
(398, 10, 67070903.00, '2025-09-06 17:00:00', '2026-03-06 01:45:46'),
(399, 1, 48734187.00, '2025-08-13 17:00:00', '2026-03-06 01:45:46'),
(400, 1, 6797892.00, '2025-08-18 17:00:00', '2026-03-06 01:45:46'),
(401, 1, 69232693.00, '2025-08-07 17:00:00', '2026-03-06 01:45:46'),
(402, 2, 55833531.00, '2025-08-24 17:00:00', '2026-03-06 01:45:46'),
(403, 2, 56920210.00, '2025-08-08 17:00:00', '2026-03-06 01:45:46'),
(404, 2, 31673076.00, '2025-07-31 17:00:00', '2026-03-06 01:45:46'),
(405, 2, 78729149.00, '2025-08-18 17:00:00', '2026-03-06 01:45:46'),
(406, 3, 8165029.00, '2025-08-01 17:00:00', '2026-03-06 01:45:46'),
(407, 3, 69210620.00, '2025-08-03 17:00:00', '2026-03-06 01:45:46'),
(408, 3, 45313522.00, '2025-08-16 17:00:00', '2026-03-06 01:45:46'),
(409, 3, 59183180.00, '2025-08-20 17:00:00', '2026-03-06 01:45:46'),
(410, 3, 72974297.00, '2025-08-08 17:00:00', '2026-03-06 01:45:46'),
(411, 4, 50039595.00, '2025-08-07 17:00:00', '2026-03-06 01:45:46'),
(412, 4, 12419562.00, '2025-08-14 17:00:00', '2026-03-06 01:45:46'),
(413, 4, 48747839.00, '2025-08-03 17:00:00', '2026-03-06 01:45:46'),
(414, 4, 58822634.00, '2025-08-18 17:00:00', '2026-03-06 01:45:46'),
(415, 4, 56380628.00, '2025-08-02 17:00:00', '2026-03-06 01:45:46'),
(416, 4, 78162672.00, '2025-08-18 17:00:00', '2026-03-06 01:45:46'),
(417, 4, 10584428.00, '2025-08-04 17:00:00', '2026-03-06 01:45:46'),
(418, 5, 64481500.00, '2025-08-16 17:00:00', '2026-03-06 01:45:46'),
(419, 5, 12983651.00, '2025-08-14 17:00:00', '2026-03-06 01:45:46'),
(420, 5, 67726856.00, '2025-08-17 17:00:00', '2026-03-06 01:45:46'),
(421, 5, 41999311.00, '2025-08-14 17:00:00', '2026-03-06 01:45:46'),
(422, 6, 43765466.00, '2025-08-23 17:00:00', '2026-03-06 01:45:46'),
(423, 6, 18415713.00, '2025-08-23 17:00:00', '2026-03-06 01:45:46'),
(424, 6, 35162414.00, '2025-08-01 17:00:00', '2026-03-06 01:45:46'),
(425, 7, 25875553.00, '2025-08-08 17:00:00', '2026-03-06 01:45:46'),
(426, 7, 30308244.00, '2025-08-09 17:00:00', '2026-03-06 01:45:46'),
(427, 7, 43017257.00, '2025-08-13 17:00:00', '2026-03-06 01:45:46'),
(428, 7, 3627456.00, '2025-08-20 17:00:00', '2026-03-06 01:45:46'),
(429, 7, 17543232.00, '2025-08-04 17:00:00', '2026-03-06 01:45:46'),
(430, 8, 23144672.00, '2025-08-13 17:00:00', '2026-03-06 01:45:46'),
(431, 8, 26850329.00, '2025-08-23 17:00:00', '2026-03-06 01:45:46'),
(432, 8, 69811310.00, '2025-08-21 17:00:00', '2026-03-06 01:45:46'),
(433, 8, 1941411.00, '2025-08-04 17:00:00', '2026-03-06 01:45:46'),
(434, 8, 23220265.00, '2025-08-09 17:00:00', '2026-03-06 01:45:46'),
(435, 8, 40716840.00, '2025-08-03 17:00:00', '2026-03-06 01:45:46'),
(436, 8, 55812911.00, '2025-08-10 17:00:00', '2026-03-06 01:45:46'),
(437, 9, 62580494.00, '2025-08-22 17:00:00', '2026-03-06 01:45:46'),
(438, 9, 60623496.00, '2025-08-13 17:00:00', '2026-03-06 01:45:46'),
(439, 9, 60022812.00, '2025-08-16 17:00:00', '2026-03-06 01:45:46'),
(440, 9, 65476881.00, '2025-08-15 17:00:00', '2026-03-06 01:45:46'),
(441, 10, 19385669.00, '2025-08-20 17:00:00', '2026-03-06 01:45:46'),
(442, 10, 59746015.00, '2025-08-23 17:00:00', '2026-03-06 01:45:46'),
(443, 10, 42930237.00, '2025-08-12 17:00:00', '2026-03-06 01:45:46'),
(444, 10, 49983826.00, '2025-08-06 17:00:00', '2026-03-06 01:45:46'),
(445, 10, 78585388.00, '2025-08-16 17:00:00', '2026-03-06 01:45:46'),
(446, 10, 17747847.00, '2025-08-01 17:00:00', '2026-03-06 01:45:46'),
(447, 10, 54881872.00, '2025-08-18 17:00:00', '2026-03-06 01:45:46'),
(448, 10, 50913509.00, '2025-08-19 17:00:00', '2026-03-06 01:45:46'),
(449, 1, 23923495.00, '2025-07-02 17:00:00', '2026-03-06 01:45:46'),
(450, 1, 15268114.00, '2025-07-02 17:00:00', '2026-03-06 01:45:46'),
(451, 1, 49322392.00, '2025-07-24 17:00:00', '2026-03-06 01:45:46'),
(452, 1, 47907489.00, '2025-07-01 17:00:00', '2026-03-06 01:45:46'),
(453, 1, 72859935.00, '2025-07-03 17:00:00', '2026-03-06 01:45:46'),
(454, 1, 79544210.00, '2025-07-18 17:00:00', '2026-03-06 01:45:46'),
(455, 1, 17421685.00, '2025-07-14 17:00:00', '2026-03-06 01:45:46'),
(456, 1, 30518371.00, '2025-07-06 17:00:00', '2026-03-06 01:45:46'),
(457, 2, 55916239.00, '2025-07-07 17:00:00', '2026-03-06 01:45:46'),
(458, 2, 36854499.00, '2025-07-07 17:00:00', '2026-03-06 01:45:46'),
(459, 2, 35325773.00, '2025-07-07 17:00:00', '2026-03-06 01:45:46'),
(460, 2, 72753120.00, '2025-07-02 17:00:00', '2026-03-06 01:45:46'),
(461, 3, 56504318.00, '2025-07-12 17:00:00', '2026-03-06 01:45:46'),
(462, 3, 14564137.00, '2025-07-06 17:00:00', '2026-03-06 01:45:46'),
(463, 3, 21871252.00, '2025-07-18 17:00:00', '2026-03-06 01:45:46'),
(464, 3, 55618257.00, '2025-07-21 17:00:00', '2026-03-06 01:45:46'),
(465, 3, 22384883.00, '2025-07-17 17:00:00', '2026-03-06 01:45:46'),
(466, 4, 75704588.00, '2025-07-01 17:00:00', '2026-03-06 01:45:46'),
(467, 4, 65130424.00, '2025-07-23 17:00:00', '2026-03-06 01:45:46'),
(468, 4, 43834572.00, '2025-06-30 17:00:00', '2026-03-06 01:45:46'),
(469, 4, 46571892.00, '2025-07-06 17:00:00', '2026-03-06 01:45:46'),
(470, 4, 51146184.00, '2025-07-02 17:00:00', '2026-03-06 01:45:46'),
(471, 4, 5391785.00, '2025-07-01 17:00:00', '2026-03-06 01:45:46'),
(472, 4, 76612933.00, '2025-07-04 17:00:00', '2026-03-06 01:45:46'),
(473, 5, 69076605.00, '2025-07-16 17:00:00', '2026-03-06 01:45:46'),
(474, 5, 44238188.00, '2025-07-08 17:00:00', '2026-03-06 01:45:46'),
(475, 5, 45896742.00, '2025-07-08 17:00:00', '2026-03-06 01:45:46'),
(476, 5, 30271244.00, '2025-07-12 17:00:00', '2026-03-06 01:45:46'),
(477, 5, 11485916.00, '2025-07-01 17:00:00', '2026-03-06 01:45:46'),
(478, 6, 16585612.00, '2025-07-23 17:00:00', '2026-03-06 01:45:46'),
(479, 6, 67857374.00, '2025-07-07 17:00:00', '2026-03-06 01:45:46'),
(480, 6, 44333061.00, '2025-07-07 17:00:00', '2026-03-06 01:45:46'),
(481, 6, 12075608.00, '2025-07-03 17:00:00', '2026-03-06 01:45:46'),
(482, 6, 10992669.00, '2025-07-07 17:00:00', '2026-03-06 01:45:46'),
(483, 7, 51173256.00, '2025-07-23 17:00:00', '2026-03-06 01:45:46'),
(484, 7, 67417524.00, '2025-07-03 17:00:00', '2026-03-06 01:45:46'),
(485, 7, 13597742.00, '2025-07-17 17:00:00', '2026-03-06 01:45:46'),
(486, 8, 19117864.00, '2025-07-03 17:00:00', '2026-03-06 01:45:46'),
(487, 8, 47456228.00, '2025-07-15 17:00:00', '2026-03-06 01:45:46'),
(488, 8, 46487687.00, '2025-07-04 17:00:00', '2026-03-06 01:45:46'),
(489, 8, 12627317.00, '2025-07-10 17:00:00', '2026-03-06 01:45:46'),
(490, 8, 59807397.00, '2025-07-04 17:00:00', '2026-03-06 01:45:46'),
(491, 8, 68786546.00, '2025-06-30 17:00:00', '2026-03-06 01:45:46'),
(492, 9, 25766153.00, '2025-07-18 17:00:00', '2026-03-06 01:45:46'),
(493, 9, 55004487.00, '2025-07-21 17:00:00', '2026-03-06 01:45:46'),
(494, 9, 2531772.00, '2025-07-10 17:00:00', '2026-03-06 01:45:46'),
(495, 9, 64225898.00, '2025-07-11 17:00:00', '2026-03-06 01:45:46'),
(496, 9, 68090805.00, '2025-07-17 17:00:00', '2026-03-06 01:45:46'),
(497, 10, 79315606.00, '2025-07-13 17:00:00', '2026-03-06 01:45:46'),
(498, 10, 72201153.00, '2025-07-12 17:00:00', '2026-03-06 01:45:46'),
(499, 10, 38587031.00, '2025-07-01 17:00:00', '2026-03-06 01:45:46'),
(500, 10, 7813774.00, '2025-07-23 17:00:00', '2026-03-06 01:45:46'),
(501, 10, 10673811.00, '2025-07-24 17:00:00', '2026-03-06 01:45:46'),
(502, 10, 29304574.00, '2025-07-09 17:00:00', '2026-03-06 01:45:46'),
(503, 10, 65098050.00, '2025-07-18 17:00:00', '2026-03-06 01:45:46'),
(504, 10, 67284847.00, '2025-07-02 17:00:00', '2026-03-06 01:45:46'),
(505, 1, 58148661.00, '2025-06-21 17:00:00', '2026-03-06 01:45:46'),
(506, 1, 38147490.00, '2025-06-05 17:00:00', '2026-03-06 01:45:46'),
(507, 1, 79880693.00, '2025-06-03 17:00:00', '2026-03-06 01:45:46'),
(508, 1, 14611653.00, '2025-06-09 17:00:00', '2026-03-06 01:45:46'),
(509, 1, 17175405.00, '2025-06-05 17:00:00', '2026-03-06 01:45:46'),
(510, 2, 76621306.00, '2025-06-24 17:00:00', '2026-03-06 01:45:46'),
(511, 2, 10164853.00, '2025-06-06 17:00:00', '2026-03-06 01:45:46'),
(512, 2, 842998.00, '2025-06-18 17:00:00', '2026-03-06 01:45:46'),
(513, 3, 27725217.00, '2025-06-08 17:00:00', '2026-03-06 01:45:46'),
(514, 3, 51342064.00, '2025-06-06 17:00:00', '2026-03-06 01:45:46'),
(515, 3, 46644655.00, '2025-06-14 17:00:00', '2026-03-06 01:45:46'),
(516, 3, 43029015.00, '2025-06-02 17:00:00', '2026-03-06 01:45:46'),
(517, 3, 30564746.00, '2025-06-14 17:00:00', '2026-03-06 01:45:46'),
(518, 3, 32678097.00, '2025-06-09 17:00:00', '2026-03-06 01:45:46'),
(519, 4, 78682023.00, '2025-05-31 17:00:00', '2026-03-06 01:45:46'),
(520, 4, 30513930.00, '2025-06-12 17:00:00', '2026-03-06 01:45:46'),
(521, 4, 23346242.00, '2025-06-03 17:00:00', '2026-03-06 01:45:46'),
(522, 4, 36670944.00, '2025-06-18 17:00:00', '2026-03-06 01:45:46'),
(523, 4, 39949283.00, '2025-06-21 17:00:00', '2026-03-06 01:45:46'),
(524, 5, 74954701.00, '2025-06-22 17:00:00', '2026-03-06 01:45:46'),
(525, 5, 76744718.00, '2025-06-02 17:00:00', '2026-03-06 01:45:46'),
(526, 5, 31168783.00, '2025-05-31 17:00:00', '2026-03-06 01:45:46'),
(527, 5, 24515879.00, '2025-06-22 17:00:00', '2026-03-06 01:45:46'),
(528, 5, 43812153.00, '2025-06-06 17:00:00', '2026-03-06 01:45:46'),
(529, 5, 73551651.00, '2025-06-22 17:00:00', '2026-03-06 01:45:46'),
(530, 5, 27997705.00, '2025-06-03 17:00:00', '2026-03-06 01:45:46'),
(531, 6, 10020167.00, '2025-06-22 17:00:00', '2026-03-06 01:45:46'),
(532, 6, 70956896.00, '2025-06-05 17:00:00', '2026-03-06 01:45:46'),
(533, 6, 53067692.00, '2025-06-23 17:00:00', '2026-03-06 01:45:46'),
(534, 6, 56073077.00, '2025-06-21 17:00:00', '2026-03-06 01:45:46'),
(535, 6, 72984189.00, '2025-06-02 17:00:00', '2026-03-06 01:45:46'),
(536, 7, 62044410.00, '2025-06-19 17:00:00', '2026-03-06 01:45:46'),
(537, 7, 13431719.00, '2025-06-21 17:00:00', '2026-03-06 01:45:46'),
(538, 7, 65509729.00, '2025-06-11 17:00:00', '2026-03-06 01:45:46'),
(539, 7, 21977917.00, '2025-06-14 17:00:00', '2026-03-06 01:45:46'),
(540, 7, 69864471.00, '2025-06-13 17:00:00', '2026-03-06 01:45:46'),
(541, 7, 25199165.00, '2025-06-11 17:00:00', '2026-03-06 01:45:46'),
(542, 7, 5284597.00, '2025-06-23 17:00:00', '2026-03-06 01:45:46'),
(543, 8, 60192046.00, '2025-06-14 17:00:00', '2026-03-06 01:45:46'),
(544, 8, 45225789.00, '2025-06-10 17:00:00', '2026-03-06 01:45:46'),
(545, 8, 38654796.00, '2025-06-11 17:00:00', '2026-03-06 01:45:46'),
(546, 9, 13817533.00, '2025-06-05 17:00:00', '2026-03-06 01:45:46'),
(547, 9, 54344361.00, '2025-06-09 17:00:00', '2026-03-06 01:45:46'),
(548, 9, 66725221.00, '2025-06-01 17:00:00', '2026-03-06 01:45:46'),
(549, 9, 71866814.00, '2025-06-01 17:00:00', '2026-03-06 01:45:46'),
(550, 9, 9125595.00, '2025-06-03 17:00:00', '2026-03-06 01:45:46'),
(551, 9, 3747047.00, '2025-06-09 17:00:00', '2026-03-06 01:45:46'),
(552, 9, 64567904.00, '2025-06-02 17:00:00', '2026-03-06 01:45:46'),
(553, 10, 43491183.00, '2025-06-09 17:00:00', '2026-03-06 01:45:46'),
(554, 10, 29306228.00, '2025-06-16 17:00:00', '2026-03-06 01:45:46'),
(555, 10, 18453786.00, '2025-05-31 17:00:00', '2026-03-06 01:45:46'),
(556, 10, 755198.00, '2025-06-04 17:00:00', '2026-03-06 01:45:46'),
(557, 10, 42091460.00, '2025-06-08 17:00:00', '2026-03-06 01:45:46'),
(558, 1, 67428868.00, '2025-05-14 17:00:00', '2026-03-06 01:45:46'),
(559, 1, 69223895.00, '2025-05-10 17:00:00', '2026-03-06 01:45:46'),
(560, 1, 30301896.00, '2025-05-18 17:00:00', '2026-03-06 01:45:46'),
(561, 1, 74215853.00, '2025-05-02 17:00:00', '2026-03-06 01:45:46'),
(562, 1, 6739146.00, '2025-04-30 17:00:00', '2026-03-06 01:45:46'),
(563, 1, 5532034.00, '2025-05-10 17:00:00', '2026-03-06 01:45:46'),
(564, 1, 19916567.00, '2025-04-30 17:00:00', '2026-03-06 01:45:46'),
(565, 1, 68043336.00, '2025-05-24 17:00:00', '2026-03-06 01:45:46'),
(566, 2, 12675594.00, '2025-05-05 17:00:00', '2026-03-06 01:45:46'),
(567, 2, 22877816.00, '2025-05-03 17:00:00', '2026-03-06 01:45:46'),
(568, 2, 39102260.00, '2025-05-09 17:00:00', '2026-03-06 01:45:46'),
(569, 2, 4875129.00, '2025-05-21 17:00:00', '2026-03-06 01:45:46'),
(570, 2, 6066768.00, '2025-05-13 17:00:00', '2026-03-06 01:45:46'),
(571, 2, 54188799.00, '2025-05-23 17:00:00', '2026-03-06 01:45:46'),
(572, 2, 70706134.00, '2025-05-22 17:00:00', '2026-03-06 01:45:46'),
(573, 2, 25545566.00, '2025-05-24 17:00:00', '2026-03-06 01:45:46'),
(574, 3, 39361193.00, '2025-05-08 17:00:00', '2026-03-06 01:45:46'),
(575, 3, 51302811.00, '2025-05-14 17:00:00', '2026-03-06 01:45:46'),
(576, 3, 69427280.00, '2025-05-12 17:00:00', '2026-03-06 01:45:46'),
(577, 4, 64343928.00, '2025-05-10 17:00:00', '2026-03-06 01:45:46'),
(578, 4, 35780844.00, '2025-05-13 17:00:00', '2026-03-06 01:45:46'),
(579, 4, 46240668.00, '2025-05-05 17:00:00', '2026-03-06 01:45:46'),
(580, 5, 43152821.00, '2025-05-02 17:00:00', '2026-03-06 01:45:46'),
(581, 5, 16047900.00, '2025-04-30 17:00:00', '2026-03-06 01:45:46'),
(582, 5, 69300361.00, '2025-05-16 17:00:00', '2026-03-06 01:45:46'),
(583, 5, 78326641.00, '2025-05-21 17:00:00', '2026-03-06 01:45:46'),
(584, 6, 77730385.00, '2025-05-13 17:00:00', '2026-03-06 01:45:46'),
(585, 6, 41664865.00, '2025-05-20 17:00:00', '2026-03-06 01:45:46'),
(586, 6, 56927436.00, '2025-05-12 17:00:00', '2026-03-06 01:45:46'),
(587, 6, 69328187.00, '2025-05-11 17:00:00', '2026-03-06 01:45:46'),
(588, 6, 70624212.00, '2025-05-08 17:00:00', '2026-03-06 01:45:46'),
(589, 6, 10618782.00, '2025-04-30 17:00:00', '2026-03-06 01:45:46'),
(590, 6, 26169834.00, '2025-05-20 17:00:00', '2026-03-06 01:45:46'),
(591, 7, 42774809.00, '2025-05-06 17:00:00', '2026-03-06 01:45:46'),
(592, 7, 75548387.00, '2025-05-08 17:00:00', '2026-03-06 01:45:46'),
(593, 7, 63225772.00, '2025-05-15 17:00:00', '2026-03-06 01:45:46'),
(594, 7, 60124080.00, '2025-05-11 17:00:00', '2026-03-06 01:45:46'),
(595, 7, 49257128.00, '2025-05-09 17:00:00', '2026-03-06 01:45:46'),
(596, 7, 42410879.00, '2025-05-22 17:00:00', '2026-03-06 01:45:46'),
(597, 8, 15170672.00, '2025-05-14 17:00:00', '2026-03-06 01:45:46'),
(598, 8, 1955695.00, '2025-05-16 17:00:00', '2026-03-06 01:45:46'),
(599, 8, 39946863.00, '2025-05-08 17:00:00', '2026-03-06 01:45:46'),
(600, 9, 23486695.00, '2025-05-08 17:00:00', '2026-03-06 01:45:46'),
(601, 9, 12601032.00, '2025-05-24 17:00:00', '2026-03-06 01:45:46'),
(602, 9, 60024259.00, '2025-05-24 17:00:00', '2026-03-06 01:45:46'),
(603, 10, 61368815.00, '2025-05-10 17:00:00', '2026-03-06 01:45:46'),
(604, 10, 11569755.00, '2025-05-24 17:00:00', '2026-03-06 01:45:46'),
(605, 10, 74564334.00, '2025-05-23 17:00:00', '2026-03-06 01:45:46'),
(606, 10, 35764718.00, '2025-05-10 17:00:00', '2026-03-06 01:45:46'),
(607, 10, 67577858.00, '2025-05-24 17:00:00', '2026-03-06 01:45:46'),
(608, 10, 50977118.00, '2025-05-13 17:00:00', '2026-03-06 01:45:46'),
(609, 10, 27723251.00, '2025-05-24 17:00:00', '2026-03-06 01:45:46'),
(610, 1, 3948012.00, '2025-04-06 17:00:00', '2026-03-06 01:45:46'),
(611, 1, 29502610.00, '2025-04-13 17:00:00', '2026-03-06 01:45:46'),
(612, 1, 36145627.00, '2025-04-19 17:00:00', '2026-03-06 01:45:46'),
(613, 1, 41934383.00, '2025-04-23 17:00:00', '2026-03-06 01:45:46'),
(614, 1, 71394430.00, '2025-04-21 17:00:00', '2026-03-06 01:45:46'),
(615, 1, 23224448.00, '2025-03-31 17:00:00', '2026-03-06 01:45:46'),
(616, 1, 24952655.00, '2025-04-12 17:00:00', '2026-03-06 01:45:46'),
(617, 1, 74064814.00, '2025-04-13 17:00:00', '2026-03-06 01:45:46'),
(618, 2, 22128191.00, '2025-04-03 17:00:00', '2026-03-06 01:45:46'),
(619, 2, 5105418.00, '2025-04-11 17:00:00', '2026-03-06 01:45:46'),
(620, 2, 21501572.00, '2025-04-18 17:00:00', '2026-03-06 01:45:46'),
(621, 2, 24266714.00, '2025-04-15 17:00:00', '2026-03-06 01:45:46'),
(622, 2, 3264788.00, '2025-04-07 17:00:00', '2026-03-06 01:45:46'),
(623, 2, 67097754.00, '2025-04-06 17:00:00', '2026-03-06 01:45:46'),
(624, 2, 1221232.00, '2025-04-05 17:00:00', '2026-03-06 01:45:46'),
(625, 2, 8290325.00, '2025-04-23 17:00:00', '2026-03-06 01:45:46'),
(626, 3, 43518633.00, '2025-04-07 17:00:00', '2026-03-06 01:45:46'),
(627, 3, 48465856.00, '2025-04-05 17:00:00', '2026-03-06 01:45:46'),
(628, 3, 14077875.00, '2025-04-23 17:00:00', '2026-03-06 01:45:46'),
(629, 3, 32990744.00, '2025-04-03 17:00:00', '2026-03-06 01:45:46'),
(630, 3, 8151907.00, '2025-04-10 17:00:00', '2026-03-06 01:45:46'),
(631, 3, 77929705.00, '2025-04-18 17:00:00', '2026-03-06 01:45:46'),
(632, 4, 61205457.00, '2025-04-22 17:00:00', '2026-03-06 01:45:46'),
(633, 4, 43120825.00, '2025-04-21 17:00:00', '2026-03-06 01:45:46'),
(634, 4, 23696716.00, '2025-04-21 17:00:00', '2026-03-06 01:45:46'),
(635, 4, 25734281.00, '2025-04-16 17:00:00', '2026-03-06 01:45:46'),
(636, 4, 5399038.00, '2025-04-22 17:00:00', '2026-03-06 01:45:46'),
(637, 4, 54147293.00, '2025-04-13 17:00:00', '2026-03-06 01:45:46'),
(638, 4, 52459763.00, '2025-04-19 17:00:00', '2026-03-06 01:45:46'),
(639, 5, 2268260.00, '2025-04-19 17:00:00', '2026-03-06 01:45:46'),
(640, 5, 14045531.00, '2025-04-14 17:00:00', '2026-03-06 01:45:46'),
(641, 5, 13878245.00, '2025-04-10 17:00:00', '2026-03-06 01:45:46'),
(642, 5, 42787100.00, '2025-04-09 17:00:00', '2026-03-06 01:45:46'),
(643, 5, 20610206.00, '2025-04-22 17:00:00', '2026-03-06 01:45:46'),
(644, 6, 58738969.00, '2025-04-08 17:00:00', '2026-03-06 01:45:46'),
(645, 6, 25153487.00, '2025-04-02 17:00:00', '2026-03-06 01:45:46'),
(646, 6, 43836278.00, '2025-04-16 17:00:00', '2026-03-06 01:45:46'),
(647, 7, 2653931.00, '2025-04-08 17:00:00', '2026-03-06 01:45:46'),
(648, 7, 22602615.00, '2025-03-31 17:00:00', '2026-03-06 01:45:46'),
(649, 7, 21156115.00, '2025-04-16 17:00:00', '2026-03-06 01:45:46'),
(650, 7, 79770913.00, '2025-04-12 17:00:00', '2026-03-06 01:45:46'),
(651, 7, 32330719.00, '2025-04-22 17:00:00', '2026-03-06 01:45:46'),
(652, 8, 6835727.00, '2025-04-04 17:00:00', '2026-03-06 01:45:46'),
(653, 8, 24308448.00, '2025-04-01 17:00:00', '2026-03-06 01:45:46'),
(654, 8, 68149776.00, '2025-03-31 17:00:00', '2026-03-06 01:45:46'),
(655, 9, 67368812.00, '2025-04-11 17:00:00', '2026-03-06 01:45:46'),
(656, 9, 50444896.00, '2025-04-20 17:00:00', '2026-03-06 01:45:46'),
(657, 9, 76406579.00, '2025-04-04 17:00:00', '2026-03-06 01:45:46'),
(658, 10, 66230158.00, '2025-04-08 17:00:00', '2026-03-06 01:45:46'),
(659, 10, 6067038.00, '2025-04-10 17:00:00', '2026-03-06 01:45:46'),
(660, 10, 77453915.00, '2025-04-19 17:00:00', '2026-03-06 01:45:46'),
(661, 10, 6694404.00, '2025-04-18 17:00:00', '2026-03-06 01:45:46'),
(662, 10, 22028545.00, '2025-04-12 17:00:00', '2026-03-06 01:45:46');

-- --------------------------------------------------------

--
-- Cấu trúc bảng cho bảng `password_reset_tokens`
--

CREATE TABLE `password_reset_tokens` (
  `email` varchar(255) NOT NULL,
  `token` varchar(255) NOT NULL,
  `created_at` timestamp NULL DEFAULT NULL
) ENGINE=InnoDB DEFAULT CHARSET=utf8mb4 COLLATE=utf8mb4_unicode_ci;

-- --------------------------------------------------------

--
-- Cấu trúc bảng cho bảng `sessions`
--

CREATE TABLE `sessions` (
  `id` varchar(255) NOT NULL,
  `user_id` bigint(20) UNSIGNED DEFAULT NULL,
  `ip_address` varchar(45) DEFAULT NULL,
  `user_agent` text DEFAULT NULL,
  `payload` longtext NOT NULL,
  `last_activity` int(11) NOT NULL
) ENGINE=InnoDB DEFAULT CHARSET=utf8mb4 COLLATE=utf8mb4_unicode_ci;

--
-- Đang đổ dữ liệu cho bảng `sessions`
--

INSERT INTO `sessions` (`id`, `user_id`, `ip_address`, `user_agent`, `payload`, `last_activity`) VALUES
('t0XQyvdbhnM7x7K3zuiNy6r7317aijWTsx6dVQaD', NULL, '127.0.0.1', 'Mozilla/5.0 (Macintosh; Intel Mac OS X 10_15_7) AppleWebKit/537.36 (KHTML, like Gecko) Chrome/145.0.0.0 Safari/537.36', 'YTozOntzOjY6Il90b2tlbiI7czo0MDoibnkwUkY0eTZCdmt4WjNDRlJDUUVMckRsZ0JRQlo2U0tPeU1wMlhXMiI7czo5OiJfcHJldmlvdXMiO2E6Mjp7czozOiJ1cmwiO3M6MzY6Imh0dHA6Ly8xMjcuMC4wLjE6ODAwMC90cmVlP3VzZXJfaWQ9MSI7czo1OiJyb3V0ZSI7czoxMDoidHJlZS5pbmRleCI7fXM6NjoiX2ZsYXNoIjthOjI6e3M6Mzoib2xkIjthOjA6e31zOjM6Im5ldyI7YTowOnt9fX0=', 1772788112);

-- --------------------------------------------------------

--
-- Cấu trúc bảng cho bảng `users`
--

CREATE TABLE `users` (
  `id` bigint(20) UNSIGNED NOT NULL,
  `name` varchar(255) NOT NULL,
  `parent_id` bigint(20) UNSIGNED DEFAULT NULL,
  `created_at` timestamp NULL DEFAULT NULL,
  `updated_at` timestamp NULL DEFAULT NULL
) ENGINE=InnoDB DEFAULT CHARSET=utf8mb4 COLLATE=utf8mb4_unicode_ci;

--
-- Đang đổ dữ liệu cho bảng `users`
--

INSERT INTO `users` (`id`, `name`, `parent_id`, `created_at`, `updated_at`) VALUES
(1, 'A', NULL, '2026-03-06 01:45:46', '2026-03-06 01:45:46'),
(2, 'B', 1, '2026-03-06 01:45:46', '2026-03-06 01:45:46'),
(3, 'C', 1, '2026-03-06 01:45:46', '2026-03-06 01:45:46'),
(4, 'D', 2, '2026-03-06 01:45:46', '2026-03-06 01:45:46'),
(5, 'E', 2, '2026-03-06 01:45:46', '2026-03-06 01:45:46'),
(6, 'F', 3, '2026-03-06 01:45:46', '2026-03-06 01:45:46'),
(7, 'G', 3, '2026-03-06 01:45:46', '2026-03-06 01:45:46'),
(8, 'H', 4, '2026-03-06 01:45:46', '2026-03-06 01:45:46'),
(9, 'I', 5, '2026-03-06 01:45:46', '2026-03-06 01:45:46'),
(10, 'J', 6, '2026-03-06 01:45:46', '2026-03-06 01:45:46'),
(11, 'AA', 10, NULL, NULL);

--
-- Chỉ mục cho các bảng đã đổ
--

--
-- Chỉ mục cho bảng `cache`
--
ALTER TABLE `cache`
  ADD PRIMARY KEY (`key`),
  ADD KEY `cache_expiration_index` (`expiration`);

--
-- Chỉ mục cho bảng `cache_locks`
--
ALTER TABLE `cache_locks`
  ADD PRIMARY KEY (`key`),
  ADD KEY `cache_locks_expiration_index` (`expiration`);

--
-- Chỉ mục cho bảng `commissions`
--
ALTER TABLE `commissions`
  ADD PRIMARY KEY (`id`),
  ADD UNIQUE KEY `commissions_user_id_month_unique` (`user_id`,`month`);

--
-- Chỉ mục cho bảng `failed_jobs`
--
ALTER TABLE `failed_jobs`
  ADD PRIMARY KEY (`id`),
  ADD UNIQUE KEY `failed_jobs_uuid_unique` (`uuid`);

--
-- Chỉ mục cho bảng `jobs`
--
ALTER TABLE `jobs`
  ADD PRIMARY KEY (`id`),
  ADD KEY `jobs_queue_index` (`queue`);

--
-- Chỉ mục cho bảng `job_batches`
--
ALTER TABLE `job_batches`
  ADD PRIMARY KEY (`id`);

--
-- Chỉ mục cho bảng `migrations`
--
ALTER TABLE `migrations`
  ADD PRIMARY KEY (`id`);

--
-- Chỉ mục cho bảng `orders`
--
ALTER TABLE `orders`
  ADD PRIMARY KEY (`id`),
  ADD KEY `orders_user_id_foreign` (`user_id`);

--
-- Chỉ mục cho bảng `password_reset_tokens`
--
ALTER TABLE `password_reset_tokens`
  ADD PRIMARY KEY (`email`);

--
-- Chỉ mục cho bảng `sessions`
--
ALTER TABLE `sessions`
  ADD PRIMARY KEY (`id`),
  ADD KEY `sessions_user_id_index` (`user_id`),
  ADD KEY `sessions_last_activity_index` (`last_activity`);

--
-- Chỉ mục cho bảng `users`
--
ALTER TABLE `users`
  ADD PRIMARY KEY (`id`),
  ADD KEY `1` (`parent_id`);

--
-- AUTO_INCREMENT cho các bảng đã đổ
--

--
-- AUTO_INCREMENT cho bảng `commissions`
--
ALTER TABLE `commissions`
  MODIFY `id` bigint(20) UNSIGNED NOT NULL AUTO_INCREMENT;

--
-- AUTO_INCREMENT cho bảng `failed_jobs`
--
ALTER TABLE `failed_jobs`
  MODIFY `id` bigint(20) UNSIGNED NOT NULL AUTO_INCREMENT;

--
-- AUTO_INCREMENT cho bảng `jobs`
--
ALTER TABLE `jobs`
  MODIFY `id` bigint(20) UNSIGNED NOT NULL AUTO_INCREMENT;

--
-- AUTO_INCREMENT cho bảng `migrations`
--
ALTER TABLE `migrations`
  MODIFY `id` int(10) UNSIGNED NOT NULL AUTO_INCREMENT, AUTO_INCREMENT=6;

--
-- AUTO_INCREMENT cho bảng `orders`
--
ALTER TABLE `orders`
  MODIFY `id` bigint(20) UNSIGNED NOT NULL AUTO_INCREMENT, AUTO_INCREMENT=663;

--
-- AUTO_INCREMENT cho bảng `users`
--
ALTER TABLE `users`
  MODIFY `id` bigint(20) UNSIGNED NOT NULL AUTO_INCREMENT, AUTO_INCREMENT=12;

--
-- Các ràng buộc cho các bảng đã đổ
--

--
-- Các ràng buộc cho bảng `commissions`
--
ALTER TABLE `commissions`
  ADD CONSTRAINT `commissions_user_id_foreign` FOREIGN KEY (`user_id`) REFERENCES `users` (`id`) ON DELETE CASCADE;

--
-- Các ràng buộc cho bảng `orders`
--
ALTER TABLE `orders`
  ADD CONSTRAINT `orders_user_id_foreign` FOREIGN KEY (`user_id`) REFERENCES `users` (`id`) ON DELETE CASCADE;

--
-- Các ràng buộc cho bảng `users`
--
ALTER TABLE `users`
  ADD CONSTRAINT `1` FOREIGN KEY (`parent_id`) REFERENCES `users` (`id`) ON DELETE SET NULL;
COMMIT;

/*!40101 SET CHARACTER_SET_CLIENT=@OLD_CHARACTER_SET_CLIENT */;
/*!40101 SET CHARACTER_SET_RESULTS=@OLD_CHARACTER_SET_RESULTS */;
/*!40101 SET COLLATION_CONNECTION=@OLD_COLLATION_CONNECTION */;
